{"tempo_contatto": 0.05, "tempo_volo": 0.16999999999999998, "tempo_totale": 2.2, "ritmo": 4.545454545454545}