{"tempo_contatto": 0.12, "tempo_volo": 0.06, "tempo_contatto_loc": 0.12, "tempo_volo_loc": 0.06, "tempo_totale": 1.7999999999999998, "ritmo": 5.555555555555556}