{"tempo_contatto": 0.18, "tempo_volo": 0.020000000000000018, "tempo_contatto_loc": 0.12, "tempo_volo_loc": 0.08000000000000002, "tempo_totale": 2.0, "ritmo": 5.0}