{"tempo_contatto": 0.1, "tempo_volo": 0.13, "tempo_totale": 2.3000000000000003, "ritmo": 4.3478260869565215}