{"tempo_contatto": 0.16, "tempo_volo": 0.07, "tempo_contatto_loc": 0.23, "tempo_volo_loc": 0.0, "tempo_totale": 2.3000000000000003, "ritmo": 4.3478260869565215}