{"tempo_contatto": 0.08, "tempo_volo": 0.09999999999999999, "tempo_totale": 1.7999999999999998, "ritmo": 5.555555555555556}