{"tempo_contatto": 0.1, "tempo_volo": 0.13999999999999999, "tempo_totale": 2.4, "ritmo": 4.166666666666667}