{"tempo_contatto": 0.21, "tempo_volo": 0.010000000000000009, "tempo_contatto_loc": 0.15, "tempo_volo_loc": 0.07, "tempo_totale": 2.2, "ritmo": 4.545454545454545}