{"tempo_contatto": 0.1, "tempo_volo": 0.07, "tempo_totale": 1.7000000000000002, "ritmo": 5.88235294117647}