{"tempo_contatto": 0.19, "tempo_volo": 0.04000000000000001, "tempo_contatto_loc": 0.19, "tempo_volo_loc": 0.04000000000000001, "tempo_totale": 2.3000000000000003, "ritmo": 4.3478260869565215}