{"tempo_contatto": 0.2, "tempo_volo": 0.009999999999999981, "tempo_contatto_loc": 0.12, "tempo_volo_loc": 0.09, "tempo_totale": 2.1, "ritmo": 4.761904761904762}