{"tempo_contatto": 0.05, "tempo_volo": 0.12000000000000001, "tempo_totale": 1.7000000000000002, "ritmo": 5.88235294117647}