{"tempo_contatto": 0.14, "tempo_volo": 0.06999999999999998, "tempo_totale": 2.1, "ritmo": 4.761904761904762}