{"tempo_contatto": 0.13, "tempo_volo": 0.07999999999999999, "tempo_totale": 2.1, "ritmo": 4.761904761904762}