{"tempo_contatto": 0.02, "tempo_volo": 0.16, "tempo_totale": 1.7999999999999998, "ritmo": 5.555555555555556}