{"tempo_contatto": 0.04, "tempo_volo": 0.16999999999999998, "tempo_totale": 2.1, "ritmo": 4.761904761904762}