{"tempo_contatto": 0.18, "tempo_volo": 0.010000000000000009, "tempo_contatto_loc": 0.12, "tempo_volo_loc": 0.07, "tempo_totale": 1.9, "ritmo": 5.2631578947368425}