{"tempo_contatto": 0.08, "tempo_volo": 0.2, "tempo_contatto_loc": 0.13, "tempo_volo_loc": 0.15000000000000002, "tempo_totale": 2.8000000000000003, "ritmo": 3.571428571428571}