{"tempo_contatto": 0.16, "tempo_volo": 0.04000000000000001, "tempo_contatto_loc": 0.16, "tempo_volo_loc": 0.04000000000000001, "tempo_totale": 2.0, "ritmo": 5.0}