{"tempo_contatto": 0.11, "tempo_volo": 0.12000000000000001, "tempo_contatto_loc": 0.18, "tempo_volo_loc": 0.05000000000000002, "tempo_totale": 2.3000000000000003, "ritmo": 4.3478260869565215}