{"tempo_contatto": 0.07, "tempo_volo": 0.16, "tempo_totale": 2.3000000000000003, "ritmo": 4.3478260869565215}