{"tempo_contatto": 0.0912499437499994, "tempo_volo": 0.16000008375000085, "tempo_totale": 1.9699974000000005, "ritmo": 5.076148831465462}