{"tempo_contatto": 0.10625076125000099, "tempo_volo": 0.13999891499999872, "tempo_totale": 2.2199974099999977, "ritmo": 4.504509759765895}