{"tempo_contatto": 0.1012496937500007, "tempo_volo": 0.12625074499999922, "tempo_totale": 1.9600028999999992, "ritmo": 5.10203326739976}