{"tempo_contatto": 0.08750009624999944, "tempo_volo": 0.14249992250000076, "tempo_totale": 2.0900001500000016, "ritmo": 4.7846886518166}