{"tempo_contatto": 0.09625053250000093, "tempo_volo": 0.1499991437499988, "tempo_totale": 2.2199974099999977, "ritmo": 4.504509759765895}