{"tempo_contatto": 0.1112504000000003, "tempo_volo": 0.15124988624999958, "tempo_totale": 2.3300018300000005, "ritmo": 4.291842122716272}