{"tempo_contatto": 0.09, "tempo_volo": 0.11000000000000001, "tempo_totale": 2.13999939, "ritmo": 4.672898528256123}