{"tempo_contatto": 0.11624979875000063, "tempo_volo": 0.11250019124999922, "tempo_totale": 2.0299987799999997, "ritmo": 4.92611133490435}