{"tempo_contatto": 0.10874986749999938, "tempo_volo": 0.11750030375000087, "tempo_totale": 2.039997100000001, "ritmo": 4.901967752797294}