{"tempo_contatto": 0.10499954374999909, "tempo_volo": 0.11250019000000044, "tempo_totale": 1.9600028999999992, "ritmo": 5.10203326739976}