{"tempo_contatto": 0.10624981124999877, "tempo_volo": 0.14750051375000073, "tempo_totale": 2.330001839999994, "ritmo": 4.291842104296375}