{"tempo_contatto": 0.10249996125000038, "tempo_volo": 0.13499999124999995, "tempo_totale": 2.1499996200000027, "ritmo": 4.651163612763796}