{"tempo_contatto": 0.10624980875000034, "tempo_volo": 0.13125014375, "tempo_totale": 2.1499996200000027, "ritmo": 4.651163612763796}