{"tempo_contatto": 0.08375024750000026, "tempo_volo": 0.14749956125000008, "tempo_totale": 2.179998399999999, "ritmo": 4.587159330025199}