{"tempo_contatto": 0.10374998999999896, "tempo_volo": 0.14499998125000113, "tempo_totale": 2.2099990799999993, "ritmo": 4.524888761492155}