{"tempo_contatto": 0.09375023750000144, "tempo_volo": 0.14624977249999827, "tempo_totale": 2.179998399999999, "ritmo": 4.587159330025199}