{"tempo_contatto": 0.10499859124999844, "tempo_volo": 0.14375161875000142, "tempo_totale": 2.2299995400000014, "ritmo": 4.484305857749187}