{"tempo_contatto": 0.1112499249999992, "tempo_volo": 0.1425004000000003, "tempo_totale": 2.330001839999994, "ritmo": 4.291842104296375}