{"tempo_contatto": 0.10624981, "tempo_volo": 0.16125011374999998, "tempo_totale": 2.420000080000001, "ritmo": 4.132231268355989}