{"tempo_contatto": 0.11124944749999965, "tempo_volo": 0.13000011375000042, "tempo_totale": 2.180000309999997, "ritmo": 4.587155311000856}