{"tempo_contatto": 0.11000013375000073, "tempo_volo": 0.13624977999999954, "tempo_totale": 2.2000007599999982, "ritmo": 4.545452975207158}