{"tempo_contatto": 0.10499906624999955, "tempo_volo": 0.14250087625000063, "tempo_totale": 2.219997400000004, "ritmo": 4.504509780056491}