{"tempo_contatto": 0.12000036374999912, "tempo_volo": 0.11624956000000086, "tempo_totale": 2.1699981699999995, "ritmo": 4.608298817136792}