{"tempo_contatto": 0.09250021125000041, "tempo_volo": 0.13499974999999953, "tempo_totale": 2.0900001500000016, "ritmo": 4.7846886518166}