{"tempo_contatto": 0.1149997712499995, "tempo_volo": 0.18000030500000053, "tempo_totale": 1.7899990100000025, "ritmo": 5.586595268563856}