{"tempo_contatto": 0.09250068625000019, "tempo_volo": 0.13749933250000002, "tempo_totale": 2.11000061, "ritmo": 4.739335122751457}