{"tempo_contatto": 0.10625004749999922, "tempo_volo": 0.1462500100000006, "tempo_totale": 2.1299991600000006, "ritmo": 4.694837532236397}