{"tempo_contatto": 0.09500003000000001, "tempo_volo": 0.16374993250000003, "tempo_totale": 2.3500022900000026, "ritmo": 4.255315002267504}