{"tempo_contatto": 0.10249995875000195, "tempo_volo": 0.14374971624999855, "tempo_totale": 2.1099967999999976, "ritmo": 4.739343680521227}