{"tempo_contatto": 0.1050000175000001, "tempo_volo": 0.13749980999999956, "tempo_totale": 1.9400005399999998, "ritmo": 5.15463774046166}