{"tempo_contatto": 0.10874963000000015, "tempo_volo": 0.1637501699999997, "tempo_totale": 2.3700008399999994, "ritmo": 4.219407787214118}