{"tempo_contatto": 0.11124968624999987, "tempo_volo": 0.15250015250000004, "tempo_totale": 2.100000380000001, "ritmo": 4.761903900226911}