{"tempo_contatto": 0.10500049500000053, "tempo_volo": 0.1474995624999993, "tempo_totale": 2.0199966400000022, "ritmo": 4.950503284005457}