{"tempo_contatto": 0.06625008874999949, "tempo_volo": 0.14999985500000035, "tempo_totale": 1.8699989299999977, "ritmo": 5.34759664274247}