{"tempo_contatto": 0.11125063999999973, "tempo_volo": 0.1462492925000003, "tempo_totale": 2.3199996899999995, "ritmo": 4.310345403537533}