{"tempo_contatto": 0.08124971375000012, "tempo_volo": 0.13625049624999974, "tempo_totale": 2.1500015299999973, "ritmo": 4.651159480802794}