{"tempo_contatto": 0.1, "tempo_volo": 0.13999999999999999, "tempo_totale": 2.560001370000002, "ritmo": 3.906247909547014}