{"tempo_contatto": 0.10500073499999996, "tempo_volo": 0.15249919750000007, "tempo_totale": 2.3199996899999995, "ritmo": 4.310345403537533}