{"tempo_contatto": 0.09375095374999987, "tempo_volo": 0.14124917999999997, "tempo_totale": 2.1500015299999973, "ritmo": 4.651159480802794}