{"tempo_contatto": 0.10000014374999999, "tempo_volo": 0.16374993250000003, "tempo_totale": 2.170000080000001, "ritmo": 4.608294760984522}