{"tempo_contatto": 0.10625004624999956, "tempo_volo": 0.15750003000000046, "tempo_totale": 2.41000176, "ritmo": 4.149374563112352}