{"tempo_contatto": 0.0899996750000005, "tempo_volo": 0.14250040124999952, "tempo_totale": 2.1599998499999984, "ritmo": 4.629629951131713}