{"tempo_contatto": 0.09875011499999964, "tempo_volo": 0.13374996125000038, "tempo_totale": 2.1599998499999984, "ritmo": 4.629629951131713}