{"tempo_contatto": 0.0862498300000003, "tempo_volo": 0.1462500074999995, "tempo_totale": 2.0699996899999995, "ritmo": 4.830918597867037}