{"tempo_contatto": 0.10124921499999973, "tempo_volo": 0.14625048875000024, "tempo_totale": 2.1799983900000015, "ritmo": 4.587159351067224}