{"tempo_contatto": 0.10249948375000084, "tempo_volo": 0.14625024874999948, "tempo_totale": 2.25, "ritmo": 4.444444444444445}