{"tempo_contatto": 0.09375000374999765, "tempo_volo": 0.15124988250000193, "tempo_totale": 2.25, "ritmo": 4.444444444444445}