{"tempo_contatto": 0.08, "tempo_volo": 0.14, "tempo_totale": 2.3499984700000027, "ritmo": 4.255321919422351}