{"tempo_contatto": 0.12874960624999998, "tempo_volo": 0.11750054625000006, "tempo_totale": 2.170000080000001, "ritmo": 4.608294760984522}