{"tempo_contatto": 0.10000014249999989, "tempo_volo": 0.15999984875000006, "tempo_totale": 2.3299999299999996, "ritmo": 4.291845622501801}