{"tempo_contatto": 0.09874915750000213, "tempo_volo": 0.1450009387499973, "tempo_totale": 2.13999939, "ritmo": 4.672898528256123}