{"tempo_contatto": 0.10250043625000149, "tempo_volo": 0.16124963999999853, "tempo_totale": 2.3499984700000027, "ritmo": 4.255321919422351}