{"tempo_contatto": 0.11749959000000043, "tempo_volo": 0.14500045749999968, "tempo_totale": 2.3299999200000023, "ritmo": 4.291845640921735}