{"tempo_contatto": 0.11374950375000026, "tempo_volo": 0.15750050624999945, "tempo_totale": 1.9600009899999975, "ritmo": 5.10203823927661}