{"tempo_contatto": 0.09, "tempo_volo": 0.09, "tempo_totale": 1.9799957200000051, "ritmo": 5.050515967781978}