{"tempo_contatto": 0.08375048625000092, "tempo_volo": 0.10999965624999897, "tempo_totale": 1.7700004499999977, "ritmo": 5.649716077755807}