{"tempo_contatto": 0.10500050125000149, "tempo_volo": 0.13999962374999875, "tempo_totale": 2.2000007700000026, "ritmo": 4.545452954546006}