{"tempo_contatto": 0.09000110749999912, "tempo_volo": 0.1274986250000012, "tempo_totale": 1.9799957200000051, "ritmo": 5.050515967781978}