{"tempo_contatto": 0.12000012375000102, "tempo_volo": 0.1512498862499987, "tempo_totale": 2.2000007700000026, "ritmo": 4.545452954546006}