{"tempo_contatto": 0.07375025625000076, "tempo_volo": 0.11999988624999913, "tempo_totale": 1.7700004499999977, "ritmo": 5.649716077755807}