{"tempo_contatto": 0.1125001912500001, "tempo_volo": 0.12749981875000005, "tempo_totale": 2.2000007599999982, "ritmo": 4.545452975207158}