{"tempo_contatto": 0.1050000187500002, "tempo_volo": 0.1375002874999991, "tempo_totale": 2.119998939999995, "ritmo": 4.7169834905672285}