{"tempo_contatto": 0.10374974999999864, "tempo_volo": 0.1425004025000014, "tempo_totale": 2.2700004499999977, "ritmo": 4.405285470317863}