{"tempo_contatto": 0.10999941749999875, "tempo_volo": 0.13000059250000096, "tempo_totale": 2.2700004499999977, "ritmo": 4.405285470317863}