{"tempo_contatto": 0.12125062875000037, "tempo_volo": 0.15124940875000004, "tempo_totale": 2.079998010000004, "ritmo": 4.807696907363859}