{"tempo_contatto": 0.09500026500000036, "tempo_volo": 0.1574997924999999, "tempo_totale": 1.9699993099999986, "ritmo": 5.076143909918429}