{"tempo_contatto": 0.11624955750000021, "tempo_volo": 0.12250042249999948, "tempo_totale": 2.11000061, "ritmo": 4.739335122751457}