{"tempo_contatto": 0.08875012500000112, "tempo_volo": 0.12249994124999919, "tempo_totale": 1.8600006100000002, "ritmo": 5.376342322812463}