{"tempo_contatto": 0.08874940875000004, "tempo_volo": 0.12875032375000028, "tempo_totale": 1.959999080000003, "ritmo": 5.102043211163132}