{"tempo_contatto": 0.08749985750000011, "tempo_volo": 0.12375020874999976, "tempo_totale": 1.9300002999999997, "ritmo": 5.1813463448684445}