{"tempo_contatto": 0.09749984874999917, "tempo_volo": 0.11999988375000115, "tempo_totale": 1.959999080000003, "ritmo": 5.102043211163132}