{"tempo_contatto": 0.11125063874999963, "tempo_volo": 0.12749934125000006, "tempo_totale": 2.1800002999999997, "ritmo": 4.587155332042845}