{"tempo_contatto": 0.10375046624999973, "tempo_volo": 0.13499951374999997, "tempo_totale": 2.1800002999999997, "ritmo": 4.587155332042845}