{"tempo_contatto": 0.09874987624999854, "tempo_volo": 0.13000011500000141, "tempo_totale": 2.0999984799999964, "ritmo": 4.761908208619283}