{"tempo_contatto": 0.09249973374999865, "tempo_volo": 0.1362502575000013, "tempo_totale": 2.0999984799999964, "ritmo": 4.761908208619283}