{"tempo_contatto": 0.09749960875000108, "tempo_volo": 0.12750053499999892, "tempo_totale": 1.9799995499999987, "ritmo": 5.050506198347372}