{"tempo_contatto": 0.10624933250000002, "tempo_volo": 0.14500045750000012, "tempo_totale": 2.2799987799999997, "ritmo": 4.38596725915792}