{"tempo_contatto": 0.10124993250000047, "tempo_volo": 0.14374995374999955, "tempo_totale": 2.1700000700000004, "ritmo": 4.608294782220905}