{"tempo_contatto": 0.09999990499999978, "tempo_volo": 0.13250017125000024, "tempo_totale": 2.3100013800000028, "ritmo": 4.3290017428474385}