{"tempo_contatto": 0.10624980874999945, "tempo_volo": 0.14125013375000028, "tempo_totale": 2.210000990000001, "ritmo": 4.524884850843436}