{"tempo_contatto": 0.10124993374999969, "tempo_volo": 0.13125014250000033, "tempo_totale": 2.0599994600000002, "ritmo": 4.854370204543645}