{"tempo_contatto": 0.10500049500000008, "tempo_volo": 0.14499950499999992, "tempo_totale": 2.2399997700000007, "ritmo": 4.46428617267224}