{"tempo_contatto": 0.12749981749999995, "tempo_volo": 0.10750007749999968, "tempo_totale": 2.0599994699999975, "ritmo": 4.854370180978742}