{"tempo_contatto": 0.1150007249999998, "tempo_volo": 0.13374900750000052, "tempo_totale": 2.200004579999998, "ritmo": 4.545445082664332}