{"tempo_contatto": 0.10999965499999931, "tempo_volo": 0.10875034500000069, "tempo_totale": 2.0299987799999997, "ritmo": 4.92611133490435}