{"tempo_contatto": 0.1037497500000013, "tempo_volo": 0.13375043999999914, "tempo_totale": 2.0400009100000034, "ritmo": 4.901958597655716}