{"tempo_contatto": 0.10624980750000113, "tempo_volo": 0.13125038249999932, "tempo_totale": 2.0400009100000034, "ritmo": 4.901958597655716}