{"tempo_contatto": 0.11249995374999955, "tempo_volo": 0.12124991250000017, "tempo_totale": 2.1199989300000013, "ritmo": 4.716983512817148}