{"tempo_contatto": 0.10750055375000045, "tempo_volo": 0.1199996462499997, "tempo_totale": 2.1900005399999998, "ritmo": 4.566208919747573}