{"tempo_contatto": 0.09499979124999935, "tempo_volo": 0.12000012375000058, "tempo_totale": 1.8999996199999991, "ritmo": 5.263158947368634}