{"tempo_contatto": 0.10624909375000069, "tempo_volo": 0.10750079124999923, "tempo_totale": 1.9299983999999988, "ritmo": 5.181351445679958}