{"tempo_contatto": 0.10374999249999961, "tempo_volo": 0.12500023750000056, "tempo_totale": 2.05000115, "ritmo": 4.878046044022951}