{"tempo_contatto": 0.04500007874999978, "tempo_volo": 0.09999990250000046, "tempo_totale": 2.0, "ritmo": 5.0}