{"tempo_contatto": 0.12625002874999902, "tempo_volo": 0.08875012375000102, "tempo_totale": 1.9300003100000005, "ritmo": 5.181346318022093}