{"tempo_contatto": 0.09874963625000044, "tempo_volo": 0.13250017249999946, "tempo_totale": 2.0900001500000016, "ritmo": 4.7846886518166}