{"tempo_contatto": 0.05749988499999992, "tempo_volo": 0.0912501812500004, "tempo_totale": 2.020000460000002, "ritmo": 4.950493922164745}