{"tempo_contatto": 0.09874916124999933, "tempo_volo": 0.11375069625000078, "tempo_totale": 1.899997710000001, "ritmo": 5.26316423823479}