{"tempo_contatto": 0.11249995124999979, "tempo_volo": 0.11875009625000033, "tempo_totale": 2.099998469999999, "ritmo": 4.761908231295046}