{"tempo_contatto": 0.10374999125000084, "tempo_volo": 0.12999987499999888, "tempo_totale": 2.099998469999999, "ritmo": 4.761908231295046}