{"tempo_contatto": 0.10000014500000054, "tempo_volo": 0.13874983624999926, "tempo_totale": 2.1700000799999977, "ritmo": 4.6082947609845295}