{"tempo_contatto": 0.09624958000000028, "tempo_volo": 0.1462507249999998, "tempo_totale": 2.899999619999999, "ritmo": 3.4482763139120696}