{"tempo_contatto": 0.10250044125000102, "tempo_volo": 0.13874959749999904, "tempo_totale": 2.1700000799999977, "ritmo": 4.6082947609845295}