{"tempo_contatto": 0.1150002499999987, "tempo_volo": 0.13499998750000142, "tempo_totale": 2.250001900000001, "ritmo": 4.4444406913611925}