{"tempo_contatto": 0.10249996250000004, "tempo_volo": 0.1150000087499996, "tempo_totale": 2.030000689999998, "ritmo": 4.926106699993294}