{"tempo_contatto": 0.12000084374999886, "tempo_volo": 0.1312491850000015, "tempo_totale": 2.250001900000001, "ritmo": 4.4444406913611925}