{"tempo_contatto": 0.11875057375000075, "tempo_volo": 0.14499950249999927, "tempo_totale": 2.409999850000002, "ritmo": 4.149377851621025}