{"tempo_contatto": 0.10750055374999956, "tempo_volo": 0.14874935125000022, "tempo_totale": 2.3099975599999993, "ritmo": 4.32900890163711}