{"tempo_contatto": 0.09750008500000007, "tempo_volo": 0.15625, "tempo_totale": 2.3099994600000002, "ritmo": 4.329005340979603}