{"tempo_contatto": 0.09750008874999994, "tempo_volo": 0.15125012125000037, "tempo_totale": 2.25, "ritmo": 4.444444444444445}