{"tempo_contatto": 0.1, "tempo_volo": 0.12, "tempo_contatto_loc": 0.17, "tempo_volo_loc": 0.04999999999999999, "tempo_totale": 2.2, "ritmo": 4.545454545454545}