{"tempo_contatto": 0.09, "tempo_volo": 0.14, "tempo_contatto_loc": 0.16, "tempo_volo_loc": 0.07, "tempo_totale": 2.3000000000000003, "ritmo": 4.3478260869565215}