{"tempo_contatto": 0.08, "tempo_volo": 0.09999999999999999, "tempo_contatto_loc": 0.13, "tempo_volo_loc": 0.04999999999999999, "tempo_totale": 1.7999999999999998, "ritmo": 5.555555555555556}