{"tempo_contatto": 0.1, "tempo_volo": 0.07999999999999999, "tempo_contatto_loc": 0.1, "tempo_volo_loc": 0.07999999999999999, "tempo_totale": 1.7999999999999998, "ritmo": 5.555555555555556}