{"tempo_contatto": 0.08, "tempo_volo": 0.12000000000000001, "tempo_contatto_loc": 0.12, "tempo_volo_loc": 0.08000000000000002, "tempo_totale": 2.0, "ritmo": 5.0}