{"tempo_contatto": 0.08, "tempo_volo": 0.13, "tempo_contatto_loc": 0.11, "tempo_volo_loc": 0.09999999999999999, "tempo_totale": 2.1, "ritmo": 4.761904761904762}