{"tempo_contatto": 0.09, "tempo_volo": 0.08000000000000002, "tempo_contatto_loc": 0.13, "tempo_volo_loc": 0.04000000000000001, "tempo_totale": 1.7000000000000002, "ritmo": 5.88235294117647}