{"tempo_contatto": 0.09, "tempo_volo": 0.09, "tempo_contatto_loc": 0.11, "tempo_volo_loc": 0.06999999999999999, "tempo_totale": 1.7999999999999998, "ritmo": 5.555555555555556}