{"tempo_contatto": 0.08, "tempo_volo": 0.13, "tempo_contatto_loc": 0.1, "tempo_volo_loc": 0.10999999999999999, "tempo_totale": 2.1, "ritmo": 4.761904761904762}