{"tempo_contatto": 0.09, "tempo_volo": 0.1, "tempo_contatto_loc": 0.15, "tempo_volo_loc": 0.04000000000000001, "tempo_totale": 1.9, "ritmo": 5.2631578947368425}