{"tempo_contatto": 0.09, "tempo_volo": 0.19000000000000003, "tempo_contatto_loc": 0.13, "tempo_volo_loc": 0.15000000000000002, "tempo_totale": 2.8000000000000003, "ritmo": 3.571428571428571}