{"tempo_contatto": 0.08, "tempo_volo": 0.15000000000000002, "tempo_contatto_loc": 0.13, "tempo_volo_loc": 0.1, "tempo_totale": 2.3000000000000003, "ritmo": 4.3478260869565215}