{"tempo_contatto": 0.08, "tempo_volo": 0.14, "tempo_contatto_loc": 0.18, "tempo_volo_loc": 0.04000000000000001, "tempo_totale": 2.2, "ritmo": 4.545454545454545}